<?xml version="1.0" encoding="UTF-8"?>
<jcr:root xmlns:sling="http://sling.apache.org/jcr/sling/1.0" xmlns:cq="http://www.day.com/jcr/cq/1.0" xmlns:jcr="http://www.jcp.org/jcr/1.0" xmlns:nt="http://www.jcp.org/jcr/nt/1.0"
    jcr:primaryType="cq:Page">
    <jcr:content/>
    <language-masters/>
    <us/>
    <ca/>
    <ch/>
    <de/>
    <fr/>
    <es/>
    <it/>
    <resources/>
    <diffpath
        jcr:primaryType="nt:unstructured"
        sling:resourceType="/apps/converversion/components/structure/diffpath"
        diffDate="2022-10-10"
        onlyPage="0"
        searchPath="/content/"/>
</jcr:root>
