<?xml version="1.0" encoding="UTF-8"?>
<jcr:root xmlns:sling="http://sling.apache.org/jcr/sling/1.0" xmlns:cq="http://www.day.com/jcr/cq/1.0" xmlns:jcr="http://www.jcp.org/jcr/1.0" xmlns:nt="http://www.jcp.org/jcr/nt/1.0" xmlns:rep="internal"
    jcr:mixinTypes="[rep:AccessControllable]"
    jcr:primaryType="cq:Page">
    <jcr:content/>
    <user-list/>
    <group-list/>
    <rep:policy/>
    <test/>
    <directorytemplatetest/>
    <sitemap/>
    <generaltemplate/>
    <grouplist/>
    <redirecttemplate/>
    <sitemap0/>
    <userlist/>
    <referenceimage/>
    <htmlcording/>
    <createpackage/>
    <asset.xml/>
    <diffpath
        jcr:primaryType="nt:unstructured"
        sling:resourceType="koala/components/structure/diff_tool"
        diffDateStr="2021-12-02"
        onlyPage="1"
        searchPath="[/content/isetan,/content/lachic,/content/cpmistore,/content/isetan,/content/mitsukoshi,/content/maruiimai,/content/impress,/content/micard,/content/iwataya-mitsukoshi,/content/imhds,/content/ecosme,/content/altastyle,/content/im-bs,/content/imh-sol,/content/ims-manage,/content/pim_igt]"/>
</jcr:root>
