<?xml version="1.0" encoding="UTF-8"?>
<jcr:root xmlns:oak="http://jackrabbit.apache.org/oak/ns/1.0" xmlns:sling="http://sling.apache.org/jcr/sling/1.0" xmlns:jcr="http://www.jcp.org/jcr/1.0" xmlns:rep="internal"
    jcr:mixinTypes="[rep:AccessControllable]"
    jcr:primaryType="sling:OrderedFolder">
    <rep:policy/>
    <dam/>
    <usergenerated/>
    <projects/>
    <phonegap/>
    <campaigns/>
    <mobileapps/>
    <launches/>
    <publications/>
    <entities/>
    <forms/>
    <screens/>
    <communities/>
    <sites/>
    <catalogs/>
    <experience-fragments/>
    <oak:index/>
    <lachic/>
    <cp/>
    <isetan/>
    <mitsukoshi/>
    <maruiimai/>
    <iwataya-mitsukoshi/>
    <versionhistory/>
    <ecosme/>
    <pim_igt/>
    <impress/>
    <underworks/>
    <colony/>
    <micard/>
    <cpmistore/>
    <imh-sol/>
    <pim/>
    <repl/>
    <altastyle/>
    <mitas/>
    <imhds/>
    <multi_shopnews_test/>
    <test/>
    <pr/>
    <ims-manage/>
    <im-bs/>
    <micard2/>
    <test0/>
    <test_hiji/>
    <skill_test/>
    <healthCheck/>
</jcr:root>
